{"14_deu_id_new|ground_truth|KS|KS14_30.json": [[0.8244444444444444, 0.38375], [0.82, 0.60375], [0.18, 0.59125], [0.2111111111111111, 0.3825]], "14_deu_id_new|ground_truth|KS|KS14_27.json": [[0.8488888888888889, 0.375], [0.8422222222222222, 0.6125], [0.18666666666666668, 0.59375], [0.2222222222222222, 0.375]], "14_deu_id_new|ground_truth|KS|KS14_28.json": [[0.8511111111111112, 0.37875], [0.84, 0.61], [0.19777777777777777, 0.58875], [0.2311111111111111, 0.3775]], "14_deu_id_new|ground_truth|KS|KS14_26.json": [[0.8422222222222222, 0.3775], [0.8288888888888889, 0.61875], [0.1622222222222222, 0.6], [0.19555555555555557, 0.37375]], "14_deu_id_new|ground_truth|KS|KS14_29.json": [[0.8422222222222222, 0.37875], [0.8355555555555556, 0.60375], [0.19555555555555557, 0.5875], [0.22666666666666666, 0.37875]], "14_deu_id_new|ground_truth|PS|PS14_27.json": [[0.0044444444444444444, 0.48375], [0.78, 0.48125], [0.8044444444444444, 0.76625], [0.008888888888888889, 0.77]], "14_deu_id_new|ground_truth|PS|PS14_29.json": [[0.06222222222222222, 0.4625], [0.84, 0.46375], [0.8622222222222222, 0.75125], [0.02666666666666667, 0.74625]], "14_deu_id_new|ground_truth|PS|PS14_26.json": [[0.0022222222222222222, 0.4825], [0.7577777777777778, 0.485], [0.7777777777777778, 0.7725], [0.006666666666666667, 0.77625]], "14_deu_id_new|ground_truth|PS|PS14_28.json": [[0.028888888888888888, 0.46875], [0.8022222222222222, 0.47], [0.8288888888888889, 0.75875], [0.008888888888888889, 0.75625]], "14_deu_id_new|ground_truth|PS|PS14_30.json": [[0.09333333333333334, 0.46125], [0.8711111111111111, 0.46125], [0.8977777777777778, 0.75], [0.06666666666666667, 0.745]], "14_deu_id_new|ground_truth|HA|HA14_29.json": [[0.8755555555555555, 0.31625], [0.9088888888888889, 0.585], [0.12444444444444444, 0.6025], [0.12444444444444444, 0.34375]], "14_deu_id_new|ground_truth|HA|HA14_27.json": [[0.86, 0.31], [0.9044444444444445, 0.5825], [0.12222222222222222, 0.615], [0.11777777777777777, 0.3575]], "14_deu_id_new|ground_truth|HA|HA14_28.json": [[0.8711111111111111, 0.3175], [0.9044444444444445, 0.58625], [0.12444444444444444, 0.61125], [0.12666666666666668, 0.35375]], "14_deu_id_new|ground_truth|HA|HA14_26.json": [[0.8577777777777778, 0.305], [0.9044444444444445, 0.5825], [0.1288888888888889, 0.62], [0.10222222222222223, 0.35875]], "14_deu_id_new|ground_truth|HA|HA14_30.json": [[0.8844444444444445, 0.31375], [0.9066666666666666, 0.57875], [0.1288888888888889, 0.59875], [0.11777777777777777, 0.33]], "14_deu_id_new|ground_truth|HS|HS14_26.json": [[0.8377777777777777, 0.37], [0.8866666666666667, 0.66375], [0.017777777777777778, 0.6875], [0.024444444444444446, 0.395]], "14_deu_id_new|ground_truth|HS|HS14_29.json": [[0.7222222222222222, 0.89375], [0.7266666666666667, 0.895], [0.7288888888888889, 0.8925], [0.7222222222222222, 0.8925]], "14_deu_id_new|ground_truth|HS|HS14_27.json": [[0.8444444444444444, 0.37125], [0.8866666666666667, 0.65875], [0.017777777777777778, 0.68375], [0.022222222222222223, 0.38875]], "14_deu_id_new|ground_truth|HS|HS14_28.json": [[0.8222222222222222, 0.37625], [0.8555555555555555, 0.66], [0.013333333333333334, 0.68625], [0.011111111111111112, 0.38875]], "14_deu_id_new|ground_truth|PA|PA14_30.json": [[0.015555555555555555, 0.36875], [0.9511111111111111, 0.405], [0.9022222222222223, 0.7125], [0.006666666666666667, 0.6825]], "14_deu_id_new|ground_truth|PA|PA14_28.json": [[0.0044444444444444444, 0.3825], [0.9266666666666666, 0.415], [0.8822222222222222, 0.7225], [0.008888888888888889, 0.70125]], "14_deu_id_new|ground_truth|PA|PA14_27.json": [[0.0044444444444444444, 0.38], [0.9266666666666666, 0.41625], [0.8755555555555555, 0.725], [0.008888888888888889, 0.7025]], "14_deu_id_new|ground_truth|PA|PA14_26.json": [[0.011111111111111112, 0.37625], [0.9266666666666666, 0.41375], [0.8822222222222222, 0.7225], [0.0044444444444444444, 0.69875]], "14_deu_id_new|ground_truth|PA|PA14_29.json": [[0.017777777777777778, 0.37625], [0.94, 0.4125], [0.8977777777777778, 0.72125], [0.011111111111111112, 0.69625]], "14_deu_id_new|ground_truth|TS|TS14_26.json": [[0.1111111111111111, 0.3725], [0.8266666666666667, 0.37125], [0.8488888888888889, 0.6225], [0.051111111111111114, 0.6075]], "14_deu_id_new|ground_truth|TS|TS14_27.json": [[0.10888888888888888, 0.365], [0.8222222222222222, 0.36375], [0.8466666666666667, 0.61], [0.057777777777777775, 0.60125]], "14_deu_id_new|ground_truth|TS|TS14_30.json": [[0.07111111111111111, 0.30125], [0.8155555555555556, 0.3], [0.8422222222222222, 0.5575], [0.03111111111111111, 0.54875]], "14_deu_id_new|ground_truth|TS|TS14_29.json": [[0.07777777777777778, 0.32], [0.8088888888888889, 0.32], [0.8333333333333334, 0.575], [0.03777777777777778, 0.56375]], "14_deu_id_new|ground_truth|TS|TS14_28.json": [[0.09777777777777778, 0.34875], [0.8155555555555556, 0.34625], [0.84, 0.59625], [0.04888888888888889, 0.58625]], "14_deu_id_new|ground_truth|KA|KA14_28.json": [[0.08666666666666667, 0.30625], [0.8888888888888888, 0.305], [0.8888888888888888, 0.59125], [0.08888888888888889, 0.5825]], "14_deu_id_new|ground_truth|KA|KA14_27.json": [[0.08222222222222222, 0.3125], [0.8822222222222222, 0.3075], [0.8888888888888888, 0.5875], [0.08666666666666667, 0.5875]], "14_deu_id_new|ground_truth|KA|KA14_26.json": [[0.8755555555555555, 0.3125], [0.8644444444444445, 0.59875], [0.06666666666666667, 0.58375], [0.08222222222222222, 0.31125]], "14_deu_id_new|ground_truth|KA|KA14_29.json": [[0.09555555555555556, 0.29375], [0.9, 0.29875], [0.8955555555555555, 0.585], [0.09777777777777778, 0.575]], "14_deu_id_new|ground_truth|KA|KA14_30.json": [[0.09555555555555556, 0.285], [0.9111111111111111, 0.29625], [0.8955555555555555, 0.58625], [0.08888888888888889, 0.5675]], "14_deu_id_new|ground_truth|CS|CS14_27.json": [[0.30666666666666664, 0.65], [0.30444444444444446, 0.65125], [0.29777777777777775, 0.65], [0.3, 0.64875]], "14_deu_id_new|ground_truth|CS|CS14_26.json": [[0.19333333333333333, 0.6575], [0.18888888888888888, 0.66125], [0.18444444444444444, 0.65875], [0.18666666666666668, 0.65625]], "14_deu_id_new|ground_truth|CS|CS14_29.json": [[0.15555555555555556, 0.64875], [0.15777777777777777, 0.65], [0.15555555555555556, 0.65375], [0.15333333333333332, 0.6525]], "14_deu_id_new|ground_truth|CS|CS14_28.json": [[0.4066666666666667, 0.6425], [0.40444444444444444, 0.64375], [0.4022222222222222, 0.6425], [0.40444444444444444, 0.64125]], "14_deu_id_new|ground_truth|CA|CA14_29.json": [[0.7533333333333333, 0.295], [0.8222222222222222, 0.545], [0.11777777777777777, 0.60625], [0.06, 0.36625]], "14_deu_id_new|ground_truth|CA|CA14_27.json": [[0.7244444444444444, 0.3175], [0.7755555555555556, 0.57], [0.05333333333333334, 0.6075], [0.03111111111111111, 0.36625]], "14_deu_id_new|ground_truth|CA|CA14_30.json": [[0.7911111111111111, 0.28625], [0.8733333333333333, 0.5325], [0.16444444444444445, 0.60125], [0.11555555555555555, 0.36125]], "14_deu_id_new|ground_truth|CA|CA14_28.json": [[0.7244444444444444, 0.305], [0.7866666666666666, 0.55625], [0.07777777777777778, 0.60875], [0.028888888888888888, 0.3675]], "14_deu_id_new|ground_truth|CA|CA14_26.json": [[0.7577777777777778, 0.32875], [0.7955555555555556, 0.5825], [0.06666666666666667, 0.6125], [0.035555555555555556, 0.3725]], "14_deu_id_new|ground_truth|TA|TA14_28.json": [[0.8555555555555555, 0.3275], [0.8644444444444445, 0.6075], [0.04666666666666667, 0.60875], [0.06444444444444444, 0.3325]], "14_deu_id_new|ground_truth|TA|TA14_26.json": [[0.8488888888888889, 0.32125], [0.8555555555555555, 0.6], [0.04888888888888889, 0.6], [0.06888888888888889, 0.32625]], "14_deu_id_new|ground_truth|TA|TA14_27.json": [[0.8577777777777778, 0.32375], [0.8666666666666667, 0.60125], [0.04888888888888889, 0.6], [0.06888888888888889, 0.3275]], "14_deu_id_new|ground_truth|TA|TA14_29.json": [[0.8533333333333334, 0.33625], [0.8622222222222222, 0.61625], [0.044444444444444446, 0.61625], [0.06666666666666667, 0.33875]],